,Date,Rainfall,Ane,Bhadalwadi,Bukum,Dhumalwadi,Dorlewadi,Jejuri,Junnar,Karanje,Kolwan,Lonawala,Loni (Ambegaon),Mulshi,Narayangaon,Narayanpur,Nimbgaon-Ketke,Otur,Pangre Sailar Basti,Parne,Patas,Pimpri (Kh) Malvasti,Pune,Rajgurnagar (Khed),Sakurde,Shivpur Khed,Undavri Kade Pathar,Wehle,Khutbhav_Pz,Mahalunge Padval_Pz,Pabal New,Kharabwadi,Shikrapur,Ausari Khurd-1,Kamatwadi-Walha,Kamshet,Kasurdi-1,Kolawade,Ale-1,Belhe-1,Kamunde,Khadki,Wagholi-1,Zendewadi-1,Baramati,Khutbhav_1,Parawadi,Kauthe_1,Khadakwasala_3
0,2000-01-01,0.0,5.0,2.4,0.55,5.5,4.6,1.4,4.4,6.4,1.3,2.3,4.0,1.8,7.0,2.3,8.8,17.5,5.8,5.6,1.0,4.4,3.0,2.75,1.6,3.55,5.8,1.5,,,,,,,,,,,,,,,,,,,,,
1,2000-02-01,0.0,,,,,,,,,,,,,,,,,,,,,,,,,,,,,,,,,,,,,,,,,,,,,,,
2,2000-03-01,0.0,,,,,,,,,,,,,,,,,,,,,,,,,,,,,,,,,,,,,,,,,,,,,,,
3,2000-04-01,0.0,,,,,,,,,,,,,,,,,,,,,,,,,,,,,,,,,,,,,,,,,,,,,,,
4,2000-05-01,0.7766258064516129,4.43,1.58,0.84,7.95,,3.2,5.38,5.22,1.64,2.38,,1.68,7.95,2.2,13.95,,6.85,7.11,0.8,5.62,1.8,2.74,2.77,,6.76,2.03,,,,,,,,,,,,,,,,,,,,,
5,2000-06-01,4.840746666666666,,,,,,,,,,,,,,,,,,,,,,,,,,,,,,,,,,,,,,,,,,,,,,,
6,2000-07-01,3.1691806451612905,,,,,,,,,,,,,,,,,,,,,,,,,,,,,,,,,,,,,,,,,,,,,,,
7,2000-08-01,2.6477322580645164,3.07,0.01,0.34,8.54,5.15,1.94,4.23,5.2,0.01,0.01,8.68,2.35,7.6,0.01,9.28,19.05,5.13,8.15,0.01,3.75,1.55,1.78,2.6,1.69,6.2,0.01,,,,,,,,,,,,,,,,,,,,,
8,2000-09-01,3.32683,,,,,,,,,,,,,,,,,,,,,,,,,,,,,,,,,,,,,,,,,,,,,,,
9,2000-10-01,1.3613580645161292,,,,,,,,,,,,,,,,,,,,,,,,,,,,,,,,,,,,,,,,,,,,,,,
10,2000-11-01,0.47496,4.66,0.45,0.47,12.56,4.55,5.6,4.09,8.04,0.9,0.57,3.67,1.82,7.02,0.22,10.95,17.22,6.6,7.07,1.21,3.51,3.84,2.05,2.61,3.61,5.65,0.61,,,,,,,,,,,,,,,,,,,,,
11,2000-12-01,0.2493935483870968,,,,,,,,,,,,,,,,,,,,,,,,,,,,,,,,,,,,,,,,,,,,,,,
12,2001-01-01,0.2081870967741935,5.38,0.13,0.67,10.8,6.33,4.95,5.16,6.93,1.23,1.16,6.36,1.52,6.06,3.26,13.04,19.44,6.68,6.03,1.06,4.49,2.43,2.38,3.75,5.18,6.15,0.9,,,,,,,,,,,,,,,,,,,,,
13,2001-02-01,0.0,,,,,,,,,,,,,,,,,,,,,,,,,,,,,,,,,,,,,,,,,,,,,,,
14,2001-03-01,0.0,,,,,,,,,,,,,,,,,,,,,,,,,,,,,,,,,,,,,,,,,,,,,,,
15,2001-04-01,0.0786966666666666,,,,,,,,,,,,,,,,,,,,,,,,,,,,,,,,,,,,,,,,,,,,,,,
16,2001-05-01,0.2002838709677419,6.13,6.15,,12.25,,5.82,6.0,6.22,2.88,2.1,,2.66,6.35,8.6,,25.08,7.75,7.77,2.09,6.25,3.8,3.68,4.5,,9.05,3.75,,,,,,,,,,,,,,,,,,,,,
17,2001-06-01,2.7665866666666665,,,,,,,,,,,,,,,,,,,,,,,,,,,,,,,,,,,,,,,,,,,,,,,
18,2001-07-01,4.026609677419355,,,,,,,,,,,,,,,,,,,,,,,,,,,,,,,,,,,,,,,,,,,,,,,
19,2001-08-01,2.578848387096774,5.68,3.2,0.32,8.96,7.1,6.9,3.41,6.5,0.01,0.01,8.86,0.01,6.8,0.01,9.65,21.27,7.65,6.6,0.01,6.0,2.5,1.6,2.82,6.23,9.15,0.01,,,,,,,,,,,,,,,,,,,,,
20,2001-09-01,3.748183333333333,,,,,,,,,,,,,,,,,,,,,,,,,,,,,,,,,,,,,,,,,,,,,,,
21,2001-10-01,4.4313935483870965,,,,,,,,,,,,,,,,,,,,,,,,,,,,,,,,,,,,,,,,,,,,,,,
22,2001-11-01,0.7526133333333332,3.41,4.07,0.35,5.26,3.72,7.17,3.63,5.5,1.76,1.6,4.85,1.42,6.05,,8.86,17.1,3.63,4.79,1.2,5.72,2.45,2.32,2.02,2.0,7.3,0.51,,,,,,,,,,,,,,,,,,,,,
23,2001-12-01,0.0,,,,,,,,,,,,,,,,,,,,,,,,,,,,,,,,,,,,,,,,,,,,,,,
24,2002-01-01,0.0,3.8,2.53,0.46,5.92,4.48,5.68,5.08,6.02,1.95,2.6,3.05,1.75,6.0,2.75,11.2,16.96,5.35,4.77,1.02,4.75,1.85,2.49,1.26,6.25,7.15,1.95,,,,,,,,,,,,,,,,,,,,,
25,2002-02-01,0.0,,,,,,,,,,,,,,,,,,,,,,,,,,,,,,,,,,,,,,,,,,,,,,,
26,2002-03-01,0.0,,,,,,,,,,,,,,,,,,,,,,,,,,,,,,,,,,,,,,,,,,,,,,,
27,2002-04-01,0.1915833333333333,,,,,,,,,,,,,,,,,,,,,,,,,,,,,,,,,,,,,,,,,,,,,,,
28,2002-05-01,0.5623903225806451,6.3,4.02,3.65,13.2,7.0,7.2,10.0,8.5,2.15,3.95,7.3,2.0,7.1,8.8,,17.5,7.5,5.3,1.55,4.4,5.0,2.65,4.4,,7.7,2.7,,,,,,,,,,,,,,,,,,,,,
29,2002-06-01,6.646723333333333,,,,,,,,,,,,,,,,,,,,,,,,,,,,,,,,,,,,,,,,,,,,,,,
30,2002-07-01,1.1100193548387098,,,,,,,,,,,,,,,,,,,,,,,,,,,,,,,,,,,,,,,,,,,,,,,
31,2002-08-01,3.604793548387097,5.35,1.49,0.46,13.61,6.62,7.11,1.21,7.73,0.94,0.01,3.27,1.82,5.26,0.05,,16.12,6.57,5.84,1.48,4.15,3.61,1.37,2.33,2.01,7.95,0.46,12.49,,,,,,,,,,,,,,,,,,,,
32,2002-09-01,1.565586666666667,,,,,,,,,,,,,,,,,,,,,,,,,,,,,,,,,,,,,,,,,,,,,,,
33,2002-10-01,0.4075322580645161,,,,,,,,,,,,,,,,,,,,,,,,,,,,,,,,,,,,,,,,,,,,,,,
34,2002-11-01,0.0169633333333333,5.5,1.0,0.55,10.0,3.7,6.6,3.4,7.8,1.25,1.3,5.7,1.85,6.2,2.1,9.0,15.0,8.0,7.3,1.4,3.6,5.2,2.4,3.1,5.5,8.1,1.8,10.9,,,,,,,,,,,,,,,,,,,,
35,2002-12-01,0.0,,,,,,,,,,,,,,,,,,,,,,,,,,,,,,,,,,,,,,,,,,,,,,,
36,2003-01-01,0.0,7.65,1.25,0.87,9.6,5.55,7.4,4.7,7.45,1.37,1.5,7.3,2.0,6.4,8.5,11.8,17.9,7.05,5.67,1.1,5.9,5.95,2.15,4.35,6.45,8.26,2.25,10.8,,,,,,,,,,,,,,,,,,,,
37,2003-02-01,0.1104464285714285,,,,,,,,,,,,,,,,,,,,,,,,,,,,,,,,,,,,,,,,,,,,,,,
38,2003-03-01,0.0,,,,,,,,,,,,,,,,,,,,,,,,,,,,,,,,,,,,,,,,,,,,,,,
39,2003-04-01,0.0386566666666666,,,,,,,,,,,,,,,,,,,,,,,,,,,,,,,,,,,,,,,,,,,,,,,
40,2003-05-01,0.0,11.4,6.35,,12.3,6.35,7.15,5.4,7.95,4.6,1.6,9.38,2.4,6.9,,,18.3,,8.52,1.8,6.25,5.39,1.25,4.6,7.35,8.65,2.3,14.15,,,,,,,,,,,,,,,,,,,,
41,2003-06-01,5.498283333333333,,,,,,,,,,,,,,,,,,,,,,,,,,,,,,,,,,,,,,,,,,,,,,,
42,2003-07-01,3.145806451612903,,,,,,,,,,,,,,,,,,,,,,,,,,,,,,,,,,,,,,,,,,,,,,,
43,2003-08-01,2.74703870967742,,5.3,0.4,12.25,6.15,7.25,1.35,8.0,1.2,0.01,4.0,1.8,5.55,1.3,,16.5,8.0,8.17,0.95,4.95,3.55,1.3,4.85,5.75,8.6,0.55,13.52,,,,,,,,,,,,,,,,,,,,
44,2003-09-01,1.37464,,,,,,,,,,,,,,,,,,,,,,,,,,,,,,,,,,,,,,,,,,,,,,,
45,2003-10-01,2.3029354838709675,,,,,,,,,,,,,,,,,,,,,,,,,,,,,,,,,,,,,,,,,,,,,,,
46,2003-11-01,0.07087,,4.1,0.5,13.7,6.1,7.5,3.45,8.0,1.0,1.2,6.25,1.95,6.2,2.3,11.0,16.4,8.0,7.8,2.55,5.0,4.0,2.0,3.0,,8.5,0.7,11.6,,,,,,,,,,,,,,,,,,,,
47,2003-12-01,0.0,,,,,,,,,,,,,,,,,,,,,,,,,,,,,,,,,,,,,,,,,,,,,,,
48,2004-01-01,0.0043999999999999,7.1,7.8,0.72,11.65,7.31,6.9,4.5,7.3,1.25,1.6,9.65,1.72,6.9,8.1,13.54,20.3,8.0,7.57,1.65,4.95,2.4,1.57,9.6,6.43,8.8,1.5,11.08,,,,,,,,,,,,,,,,,,,,
49,2004-02-01,0.0,,,,,,,,,,,,,,,,,,,,,,,,,,,,,,,,,,,,,,,,,,,,,,,
50,2004-03-01,0.0070387096774193,,,,,,,,,,,,,,,,,,,,,,,,,,,,,,,,,,,,,,,,,,,,,,,
51,2004-04-01,0.2644866666666666,,,,,,,,,,,,,,,,,,,,,,,,,,,,,,,,,,,,,,,,,,,,,,,
52,2004-05-01,1.922041935483871,11.32,0.45,4.1,12.15,6.74,7.46,5.1,7.47,3.4,2.02,9.65,2.13,6.92,8.72,13.54,19.1,8.0,9.27,1.32,6.82,2.92,2.28,7.82,10.45,8.8,2.5,12.21,,,,,,,,,,,,,,,,,,,,
53,2004-06-01,16.816223333333333,,,,,,,,,,,,,,,,,,,,,,,,,,,,,,,,,,,,,,,,,,,,,,,
54,2004-07-01,23.030545161290323,,,,,,,,,,,,,,,,,,,,,,,,,,,,,,,,,,,,,,,,,,,,,,,
55,2004-08-01,36.84702580645162,,,,,,,,,,,,,,,,,,,,,,,,,,,,,,,,,,,,,,,,,,,,,,,
56,2004-09-01,8.818703333333334,,,,,,,,,,,,,,,,,,,,,,,,,,,,,,,,,,,,,,,,,,,,,,,
57,2004-10-01,1.5172870967741934,,,,,,,,,,,,,,,,,,,,,,,,,,,,,,,,,,,,,,,,,,,,,,,
58,2004-11-01,0.2971566666666667,,,,,,,,,,,,,,,,,,,,,,,,,,,,,,,,,,,,,,,,,,,,,,,
59,2004-12-01,0.0,,,,,,,,,,,,,,,,,,,,,,,,,,,,,,,,,,,,,,,,,,,,,,,
60,2005-01-01,0.2368612903225806,4.9,1.1,1.3,4.5,2.8,3.5,4.7,7.4,1.1,1.6,3.4,1.4,6.7,2.36,12.95,16.8,3.2,7.1,1.6,5.1,7.2,2.4,3.0,7.0,3.4,3.35,11.35,,,,,,,,,,,,,,,,,,,,
61,2005-02-01,0.0170678571428571,,,,,,,,,,,,,,,,,,,,,,,,,,,,,,,,,,,,,,,,,,,,,,,
62,2005-03-01,0.0,,,,,,,,,,,,,,,,,,,,,,,,,,,,,,,,,,,,,,,,,,,,,,,
63,2005-04-01,0.8427633333333333,,,,,,,,,,,,,,,,,,,,,,,,,,,,,,,,,,,,,,,,,,,,,,,
64,2005-05-01,0.1356129032258064,6.85,7.8,3.0,12.8,6.95,5.0,5.42,7.3,2.1,2.15,9.65,2.2,8.15,8.72,13.54,17.45,7.8,8.12,1.55,6.8,3.93,1.85,4.4,11.0,6.55,2.47,12.55,,,,,,,,,,,,,,,,,,,,
65,2005-06-01,34.62849333333334,,,,,,,,,,,,,,,,,,,,,,,,,,,,,,,,,,,,,,,,,,,,,,,
66,2005-07-01,78.11603870967743,,,,,,,,,,,,,,,,,,,,,,,,,,,,,,,,,,,,,,,,,,,,,,,
67,2005-08-01,62.74114838709677,2.85,0.23,0.3,8.34,5.05,1.33,0.5,6.52,0.9,0.1,2.7,0.2,4.15,0.1,7.8,14.54,2.63,4.42,0.74,4.45,1.15,0.67,0.08,1.27,2.9,0.18,6.79,,,,,,,,,,,,,,,,,,,,
68,2005-09-01,41.27072333333333,,,,,,,,,,,,,,,,,,,,,,,,,,,,,,,,,,,,,,,,,,,,,,,
69,2005-10-01,2.734254838709677,,,,,,,,,,,,,,,,,,,,,,,,,,,,,,,,,,,,,,,,,,,,,,,
70,2005-11-01,0.0,4.68,2.0,0.32,6.55,2.65,0.45,2.05,3.55,1.2,0.73,2.55,,4.33,0.08,5.76,12.08,3.45,3.37,1.3,4.07,1.55,1.52,0.33,0.6,2.85,0.6,9.23,,,,,,,,,,,,,,,,,,,,
71,2005-12-01,0.0,,,,,,,,,,,,,,,,,,,,,,,,,,,,,,,,,,,,,,,,,,,,,,,
72,2006-01-01,0.0,5.22,0.01,0.8,5.07,4.15,3.78,4.35,7.5,0.95,1.28,3.45,1.05,6.15,2.75,8.9,12.3,5.4,5.47,1.52,5.45,3.7,2.28,2.84,3.81,3.78,2.55,,,,,,,,,,,,,,,,,,,,,
73,2006-02-01,0.0,,,,,,,,,,,,,,,,,,,,,,,,,,,,,,,,,,,,,,,,,,,,,,,
74,2006-03-01,0.0819806451612903,,,,,,,,,,,,,,,,,,,,,,,,,,,,,,,,,,,,,,,,,,,,,,,
75,2006-04-01,0.0,,,,,,,,,,,,,,,,,,,,,,,,,,,,,,,,,,,,,,,,,,,,,,,
76,2006-05-01,8.357754838709678,6.4,,,6.5,3.8,5.9,6.3,6.7,2.65,1.7,5.2,,8.7,8.72,13.54,16.8,3.8,9.6,1.8,6.1,7.5,2.3,9.6,7.8,3.6,,16.8,,,,,,,,,,,,,,,,,,,,
77,2006-06-01,17.12181,,,,,,,,,,,,,,,,,,,,,,,,,,,,,,,,,,,,,,,,,,,,,,,
78,2006-07-01,45.78941290322581,,,,,,,,,,,,,,,,,,,,,,,,,,,,,,,,,,,,,,,,,,,,,,,
79,2006-08-01,33.154683870967744,1.35,0.67,0.42,11.8,1.7,0.58,0.5,1.57,0.9,0.95,1.0,,3.7,0.15,7.3,9.9,3.93,2.87,0.68,1.47,1.9,0.7,0.95,0.29,2.55,0.56,9.64,,,,,,,,,,,,,,,,,,,,
80,2006-09-01,11.1493,,,,,,,,,,,,,,,,,,,,,,,,,,,,,,,,,,,,,,,,,,,,,,,
81,2006-10-01,3.336454838709677,,,,,,,,,,,,,,,,,,,,,,,,,,,,,,,,,,,,,,,,,,,,,,,
82,2006-11-01,1.082126666666667,5.1,3.25,2.15,3.5,4.25,1.3,5.2,3.15,2.0,1.2,4.35,,6.1,1.0,8.4,14.2,5.2,4.8,3.22,4.23,6.15,2.45,3.45,1.69,3.65,1.4,9.55,,,,,,,,,,,,,,,,,,,,
83,2006-12-01,0.0,,,,,,,,,,,,,,,,,,,,,,,,,,,,,,,,,,,,,,,,,,,,,,,
84,2007-01-01,0.0,5.0,,,,,,,,,,,,7.95,,9.8,16.85,,,1.8,4.15,,2.35,3.2,7.1,,,,,,,,,,,,,,,,,,,,,,,
85,2007-02-01,0.0,,,,,,,,,,,,,,,,,,,,,,,,,,,,,,,,,,,,,,,,,,,,,,,
86,2007-03-01,0.0,,,,,,,,,,,,,,,,,,,,,,,,,,,,,,,,,,,,,,,,,,,,,,,
87,2007-04-01,0.1307133333333333,,,,,,,,,,,,,,,,,,,,,,,,,,,,,,,,,,,,,,,,,,,,,,,
88,2007-05-01,1.4523548387096772,6.35,0.2,2.65,12.15,4.8,3.8,4.9,5.65,2.05,1.63,7.8,2.5,6.1,7.0,12.05,12.3,8.0,8.97,1.15,4.05,5.15,1.8,3.15,6.05,6.3,1.5,11.8,,,,,,,,,,,,,,,,,,,,
89,2007-06-01,25.415236666666665,,,,,,,,,,,,,,,,,,,,,,,,,,,,,,,,,,,,,,,,,,,,,,,
90,2007-07-01,18.359596774193548,,,,,,,,,,,,,,,,,,,,,,,,,,,,,,,,,,,,,,,,,,,,,,,
91,2007-08-01,18.88225806451613,4.92,1.85,1.1,9.85,3.25,0.9,1.94,3.9,1.5,1.1,3.24,0.9,5.65,1.0,,12.94,3.8,6.38,1.5,5.15,0.9,2.15,1.95,1.3,2.4,1.3,12.1,8.4,,,,,,,,,,,,,,,,,,,
92,2007-09-01,11.435073333333332,,,,,,,,,,,,,,,,,,,,,,,,,,,,,,,,,,,,,,,,,,,,,,,
93,2007-10-01,0.3560612903225806,,,,,,,,,,,,,,,,,,,,,,,,,,,,,,,,,,,,,,,,,,,,,,,
94,2007-11-01,0.0,5.1,4.75,2.4,7.6,4.1,1.6,8.5,3.0,2.1,3.2,4.7,2.4,6.1,1.8,8.4,15.6,5.9,6.0,2.4,4.1,6.1,3.45,3.4,4.8,3.45,2.3,12.1,9.7,,,,,,,,,,,,,,,,,,,
95,2007-12-01,0.0,,,,,,,,,,,,,,,,,,,,,,,,,,,,,,,,,,,,,,,,,,,,,,,
96,2008-01-01,0.0,5.3,2.6,0.6,5.7,4.0,5.0,4.0,3.5,2.35,1.65,3.95,1.6,5.3,4.45,6.75,12.1,7.55,5.77,1.3,5.1,4.75,1.5,2.7,6.9,3.65,2.3,9.9,4.8,,,,,,,,,,,,,,,,,,,
97,2008-02-01,0.1517241379310345,,,,,,,,,,,,,,,,,,,,,,,,,,,,,,,,,,,,,,,,,,,,,,,
98,2008-03-01,4.012903225806451,,,,,,,,,,,,,,,,,,,,,,,,,,,,,,,,,,,,,,,,,,,,,,,
99,2008-04-01,1.8066666666666664,,,,,,,,,,,,,,,,,,,,,,,,,,,,,,,,,,,,,,,,,,,,,,,
100,2008-05-01,2.470967741935484,6.15,2.0,2.3,9.0,4.85,4.35,4.4,5.05,0.8,0.2,8.0,2.5,5.9,6.55,11.75,14.1,8.0,9.17,1.85,5.6,3.05,2.0,5.35,7.1,6.1,0.55,10.35,5.3,,,,,,,,,,,,,,,,,,,
101,2008-06-01,3.373333333333333,,,,,,,,,,,,,,,,,,,,,,,,,,,,,,,,,,,,,,,,,,,,,,,
102,2008-07-01,2.5870967741935487,,,,,,,,,,,,,,,,,,,,,,,,,,,,,,,,,,,,,,,,,,,,,,,
103,2008-08-01,10.567741935483872,6.35,1.25,1.0,10.7,5.2,6.1,1.25,5.5,0.3,0.3,6.9,1.1,4.65,0.01,9.0,13.45,6.9,7.57,1.7,5.3,2.7,1.2,3.8,1.15,7.0,0.55,13.5,4.3,,,,,,,,,,,,,,,,,,,
104,2008-09-01,7.116666666666666,,,,,,,,,,,,,,,,,,,,,,,,,,,,,,,,,,,,,,,,,,,,,,,
105,2008-10-01,2.329032258064516,,,,,,,,,,,,,,,,,,,,,,,,,,,,,,,,,,,,,,,,,,,,,,,
106,2008-11-01,0.9,3.95,0.3,0.35,5.05,4.25,2.1,2.7,4.85,1.05,1.6,2.85,1.7,5.45,0.2,6.7,12.65,3.15,5.92,1.4,3.25,3.95,1.5,1.05,0.95,3.45,0.5,11.35,7.0,,,,,,,,,,,,,,,,,,,
107,2008-12-01,0.2589709677419355,,,,,,,,,,,,,,,,,,,,,,,,,,,,,,,,,,,,,,,,,,,,,,,
108,2009-01-01,0.0,4.85,3.3,0.6,4.0,4.15,1.95,4.05,4.1,1.1,2.05,5.15,2.05,5.95,3.1,8.68,12.5,7.3,6.4,1.8,4.48,3.05,1.85,2.88,6.65,4.95,1.67,12.1,5.1,,,,,,,,,,,,,,,,,,,
109,2009-02-01,0.0,,,,,,,,,,,,,,,,,,,,,,,,,,,,,,,,,,,,,,,,,,,,,,,
110,2009-03-01,0.130516129032258,,,,,,,,,,,,,,,,,,,,,,,,,,,,,,,,,,,,,,,,,,,,,,,
111,2009-04-01,0.0615799999999999,,,,,,,,,,,,,,,,,,,,,,,,,,,,,,,,,,,,,,,,,,,,,,,
112,2009-05-01,0.7233451612903226,5.97,1.2,2.4,8.0,5.0,,4.75,6.2,2.79,1.5,6.85,2.17,6.82,6.25,11.28,13.8,7.5,7.22,1.89,5.7,4.8,1.68,8.85,6.65,6.95,2.1,12.6,5.92,,,,,,,,,,,,,,,,,,,
113,2009-06-01,7.942909999999999,,,,,,,,,,,,,,,,,,,,,,,,,,,,,,,,,,,,,,,,,,,,,,,
114,2009-07-01,59.92527419354838,,,,,,,,,,,,,,,,,,,,,,,,,,,,,,,,,,,,,,,,,,,,,,,
115,2009-08-01,19.448474193548385,7.6,1.4,0.33,6.3,2.25,1.4,2.5,1.55,0.72,0.7,1.93,0.5,5.84,,3.7,14.1,3.75,8.49,1.35,2.3,2.3,1.16,2.7,0.82,3.92,0.3,,,,,,,,,,,,,,,,,,,,,
116,2009-09-01,16.69122666666667,,,,,,,,,,,,,,,,,,,,,,,,,,,,,,,,,,,,,,,,,,,,,,,
117,2009-10-01,7.155948387096774,,,,,,,,,,,,,,,,,,,,,,,,,,,,,,,,,,,,,,,,,,,,,,,
118,2009-11-01,7.109673333333333,,0.8,,5.3,2.25,1.2,2.3,3.4,1.35,1.45,2.1,0.9,7.3,0.4,4.8,14.8,3.65,5.37,1.6,4.6,5.35,3.65,1.4,1.9,4.0,0.05,,,0.7,,,,,,,,,,,,,,,,,,
119,2009-12-01,0.0,,,,,,,,,,,,,,,,,,,,,,,,,,,,,,,,,,,,,,,,,,,,,,,
120,2010-01-01,0.0202645161290322,,,0.4,8.0,3.5,0.5,3.45,5.1,1.8,2.6,2.5,2.1,5.85,,7.2,14.2,3.8,4.75,1.15,4.2,3.2,2.3,,3.2,2.9,0.5,10.34,8.2,2.0,,,,,,,,,,,,,,,,,,
121,2010-02-01,0.0,,,,,,,,,,,,,,,,,,,,,,,,,,,,,,,,,,,,,,,,,,,,,,,
122,2010-03-01,0.698516129032258,,,,,,,,,,,,,,,,,,,,,,,,,,,,,,,,,,,,,,,,,,,,,,,
123,2010-04-01,0.00969,,,,,,,,,,,,,,,,,,,,,,,,,,,,,,,,,,,,,,,,,,,,,,,
124,2010-05-01,0.173616129032258,4.55,7.8,2.3,5.4,7.31,4.25,5.1,10.4,3.2,2.4,5.8,3.7,6.9,8.72,13.54,15.2,8.35,7.35,2.7,3.4,5.4,2.1,4.45,11.0,6.55,2.0,,17.2,,,,,,,,,,,,,,,,,,,
125,2010-06-01,9.442746666666666,,,,,,,,,,,,,,,,,,,,,,,,,,,,,,,,,,,,,,,,,,,,,,,
126,2010-07-01,7.538254838709678,,,,,,,,,,,,,,,,,,,,,,,,,,,,,,,,,,,,,,,,,,,,,,,
127,2010-08-01,6.556296774193549,5.5,0.6,,7.05,3.2,0.3,2.85,3.1,2.2,,4.1,,5.5,0.9,6.8,15.1,1.6,6.6,2.3,3.2,1.2,2.45,1.4,2.1,2.3,0.9,,6.7,1.2,,,,,,,,,,,,,,,,,,
128,2010-09-01,3.656060000000001,,,,,,,,,,,,,,,,,,,,,,,,,,,,,,,,,,,,,,,,,,,,,,,
129,2010-10-01,7.863116129032258,,,,,,,,,,,,,,,,,,,,,,,,,,,,,,,,,,,,,,,,,,,,,,,
130,2010-11-01,1.6029733333333334,4.35,1.2,0.2,6.4,3.0,0.4,2.35,3.1,2.1,2.2,3.2,1.2,6.55,0.65,6.4,15.05,4.9,5.9,2.4,3.1,1.5,1.9,1.25,1.45,4.9,1.05,,8.85,0.9,,,,,,,,,,,,,,,,,,
131,2010-12-01,0.0,,,,,,,,,,,,,,,,,,,,,,,,,,,,,,,,,,,,,,,,,,,,,,,
132,2011-01-01,0.0,5.85,2.0,2.3,6.52,5.6,0.4,4.2,6.3,2.2,3.68,2.3,3.45,7.2,0.7,8.56,14.35,5.38,6.23,1.85,3.95,2.65,2.7,5.36,3.22,3.65,1.1,2.3,7.4,1.2,,,,,,,,,,,,,,,,,,
133,2011-02-01,0.0,,,,,,,,,,,,,,,,,,,,,,,,,,,,,,,,,,,,,,,,,,,,,,,
134,2011-03-01,0.0264,,,,,,,,,,,,,,,,,,,,,,,,,,,,,,,,,,,,,,,,,,,,,,,
135,2011-04-01,0.0,,,,,,,,,,,,,,,,,,,,,,,,,,,,,,,,,,,,,,,,,,,,,,,
136,2011-05-01,0.0563225806451612,,,5.2,7.41,,3.2,3.85,9.95,1.8,2.1,5.4,,7.45,7.45,,20.18,8.25,6.95,2.05,2.15,6.27,1.65,4.4,3.85,4.85,0.4,11.2,6.9,4.29,,,,,,,,,,,,,,,,,,
137,2011-06-01,10.927533333333336,,,,,,,,,,,,,,,,,,,,,,,,,,,,,,,,,,,,,,,,,,,,,,,
138,2011-07-01,30.09663548387097,,,,,,,,,,,,,,,,,,,,,,,,,,,,,,,,,,,,,,,,,,,,,,,
139,2011-08-01,14.39512258064516,6.0,1.15,,4.85,0.5,0.9,2.75,4.3,0.9,1.2,1.65,,6.2,,8.9,15.9,3.1,6.95,1.05,3.0,0.2,1.56,1.2,2.2,6.75,0.6,,6.9,,7.9,3.2,,,,,,,,,,,,,,,,
140,2011-09-01,13.818343333333331,,,,,,,,,,,,,,,,,,,,,,,,,,,,,,,,,,,,,,,,,,,,,,,
141,2011-10-01,4.553609677419355,,,,,,,,,,,,,,,,,,,,,,,,,,,,,,,,,,,,,,,,,,,,,,,
142,2011-11-01,0.0,5.85,3.1,1.45,4.85,0.65,2.15,4.1,3.52,1.35,1.9,2.45,1.2,5.3,1.95,9.15,15.65,3.45,6.45,1.1,3.1,1.68,1.35,2.65,1.3,4.4,0.9,,8.9,1.0,7.15,3.2,,,,,,,,,,,,,,,,
143,2011-12-01,0.0,,,,,,,,,,,,,,,,,,,,,,,,,,,,,,,,,,,,,,,,,,,,,,,
144,2012-01-01,0.0,7.9,4.95,0.98,6.15,1.15,6.45,4.85,3.69,2.1,2.45,2.65,2.35,6.15,3.9,11.9,15.4,4.9,6.1,2.9,4.9,3.35,2.25,,3.8,5.95,1.25,2.3,11.5,2.3,7.38,4.25,,,,,,,,,,,,,,,,
145,2012-02-01,0.0,,,,,,,,,,,,,,,,,,,,,,,,,,,,,,,,,,,,,,,,,,,,,,,
146,2012-03-01,0.0,,,,,,,,,,,,,,,,,,,,,,,,,,,,,,,,,,,,,,,,,,,,,,,
147,2012-04-01,0.4995166666666666,,,,,,,,,,,,,,,,,,,,,,,,,,,,,,,,,,,,,,,,,,,,,,,
148,2012-05-01,0.0,5.8,,2.4,6.9,4.2,6.3,,8.4,1.9,2.3,7.1,,6.7,,,17.1,6.1,7.2,2.3,6.1,6.4,2.45,4.1,7.2,,2.9,16.1,17.5,4.8,,4.8,,,,,,,,,,,,,,,,
149,2012-06-01,7.242570000000001,,,,,,,,,,,,,,,,,,,,,,,,,,,,,,,,,,,,,,,,,,,,,,,
150,2012-07-01,14.53064516129032,,,,,,,,,,,,,,,,,,,,,,,,,,,,,,,,,,,,,,,,,,,,,,,
151,2012-08-01,16.433625806451612,,,,,,,,,,,,,,,,,,,,,,,,,,,,,,,,,,,,,,,,,,,,,,,
152,2012-09-01,11.52991,,,,,,,,,,,,,,,,,,,,,,,,,,,,,,,,,,,,,,,,,,,,,,,
153,2012-10-01,5.131554838709678,,,,,,,,,,,,,,,,,,,,,,,,,,,,,,,,,,,,,,,,,,,,,,,
154,2012-11-01,0.0,6.9,0.9,1.38,10.65,4.33,4.11,4.55,5.7,2.72,3.12,5.33,2.72,4.77,4.73,4.32,16.05,5.01,7.51,2.42,6.5,7.91,2.32,5.1,2.6,,3.15,16.33,11.1,,5.42,3.15,7.75,6.53,3.82,7.11,4.7,,,,,,,,,,,
155,2012-12-01,0.0,,,,,,,,,,,,,,,,,,,,,,,,,,,,,,,,,,,,,,,,,,,,,,,
156,2013-01-01,0.0,5.9,,3.1,7.9,2.1,5.8,2.4,8.4,1.4,3.4,3.9,3.0,6.4,3.9,12.1,16.8,6.95,9.9,4.9,6.1,6.1,4.1,4.95,4.1,5.9,1.95,7.3,11.9,4.1,6.1,4.4,6.95,10.1,4.1,6.1,4.8,,,,,,,,,,,
157,2013-02-01,0.0,,,,,,,,,,,,,,,,,,,,,,,,,,,,,,,,,,,,,,,,,,,,,,,
158,2013-03-01,0.0832064516129032,,,,,,,,,,,,,,,,,,,,,,,,,,,,,,,,,,,,,,,,,,,,,,,
159,2013-04-01,0.0,,,,,,,,,,,,,,,,,,,,,,,,,,,,,,,,,,,,,,,,,,,,,,,
160,2013-05-01,0.0125612903225806,11.21,5.81,3.11,11.57,7.12,7.41,5.62,7.42,4.18,3.22,8.62,,9.21,8.52,7.32,19.86,,7.68,2.9,6.42,6.11,3.29,7.17,8.12,,4.11,,12.11,9.55,,6.02,11.25,11.3,5.02,2.62,5.05,11.48,17.42,8.53,5.65,5.52,12.6,,,,,
161,2013-06-01,9.29982,,,,,,,,,,,,,,,,,,,,,,,,,,,,,,,,,,,,,,,,,,,,,,,
162,2013-07-01,6.323261290322581,,,,,,,,,,,,,,,,,,,,,,,,,,,,,,,,,,,,,,,,,,,,,,,
163,2013-08-01,1.5253193548387096,,,,,3.85,6.9,2.2,5.15,0.95,,,,8.8,,,17.8,3.7,7.6,1.15,5.7,2.35,0.75,1.35,1.55,,,,7.9,3.5,,4.2,,,0.2,1.7,,9.7,17.0,,2.3,,2.75,,,,,
164,2013-09-01,7.367126666666667,,,,,,,,,,,,,,,,,,,,,,,,,,,,,,,,,,,,,,,,,,,,,,,
165,2013-10-01,1.1743870967741936,,,,,,,,,,,,,,,,,,,,,,,,,,,,,,,,,,,,,,,,,,,,,,,
166,2013-11-01,0.4493966666666666,3.5,1.6,0.5,,4.5,4.1,3.2,4.3,1.5,2.6,2.45,1.9,6.25,1.2,9.27,13.8,3.9,6.2,1.2,6.3,2.6,2.3,1.5,1.1,3.7,0.85,11.1,,1.8,3.5,2.1,,8.8,2.5,2.1,2.0,5.7,0.05,,2.9,,3.7,,,,,
167,2013-12-01,0.0581096774193548,,,,,,,,,,,,,,,,,,,,,,,,,,,,,,,,,,,,,,,,,,,,,,,
168,2014-01-01,0.0,4.8,1.5,0.59,,4.45,3.43,4.1,4.8,2.41,1.55,3.9,1.64,6.31,2.81,13.54,13.7,3.65,5.66,1.85,6.25,2.85,1.2,2.45,7.35,1.46,4.34,10.4,15.8,,4.54,2.34,4.43,8.44,1.5,,4.33,,,,,,,,,,,
169,2014-02-01,0.005925,,,,,,,,,,,,,,,,,,,,,,,,,,,,,,,,,,,,,,,,,,,,,,,
170,2014-03-01,0.3871612903225807,,,,,,,,,,,,,,,,,,,,,,,,,,,,,,,,,,,,,,,,,,,,,,,
171,2014-04-01,0.1959433333333333,,,,,,,,,,,,,,,,,,,,,,,,,,,,,,,,,,,,,,,,,,,,,,,
172,2014-05-01,0.351358064516129,,,1.33,3.93,4.85,3.43,,3.9,4.13,1.86,8.6,,5.62,0.6,,15.9,,6.33,1.15,4.46,3.25,1.15,5.75,6.75,2.8,4.1,10.1,11.38,,,4.9,10.1,9.8,3.2,,,9.54,11.33,,6.41,0.86,9.64,,,,,
173,2014-06-01,0.43931,,,,,,,,,,,,,,,,,,,,,,,,,,,,,,,,,,,,,,,,,,,,,,,
174,2014-07-01,9.06231935483871,,,,,,,,,,,,,,,,,,,,,,,,,,,,,,,,,,,,,,,,,,,,,,,
175,2014-08-01,8.962396774193548,6.8,2.6,0.15,,3.6,2.8,1.2,1.5,0.7,0.01,3.7,,5.6,1.9,5.6,14.7,3.2,3.05,0.2,4.1,1.55,0.85,1.3,0.4,4.4,0.3,,3.6,4.2,2.15,2.9,,,0.01,0.9,,,0.3,,1.1,,2.4,,,,,
176,2014-09-01,4.03525,,,,,,,,,,,,,,,,,,,,,,,,,,,,,,,,,,,,,,,,,,,,,,,
177,2014-10-01,0.8876935483870968,,,,,,,,,,,,,,,,,,,,,,,,,,,,,,,,,,,,,,,,,,,,,,,
178,2014-11-01,0.8675133333333332,9.54,1.93,0.3,7.84,3.93,0.73,3.11,3.31,1.13,1.85,3.5,1.84,6.73,0.48,13.52,12.0,2.83,2.89,1.34,5.43,4.8,1.35,1.65,0.94,2.5,2.1,4.48,3.39,3.68,8.4,2.33,10.1,,1.7,1.96,1.9,6.3,,,2.94,,,,,,,
179,2014-12-01,1.561906451612903,,,,,,,,,,,,,,,,,,,,,,,,,,,,,,,,,,,,,,,,,,,,,,,
180,2015-01-01,0.0,9.7,1.2,0.46,6.0,3.85,2.61,4.04,3.3,1.16,1.96,4.1,1.91,6.1,0.84,13.54,14.3,7.38,5.38,0.76,7.24,6.68,1.26,2.15,7.24,8.0,,9.04,7.3,3.9,5.61,3.51,10.3,,2.0,2.43,1.9,,8.04,,,,,,,,,
181,2015-02-01,0.0,,,,,,,,,,,,,,,,,,,,,,,,,,,,,,,,,,,,,,,,,,,,,,,
182,2015-03-01,1.917441935483871,,,,,,,,,,,,,,,,,,,,,,,,,,,,,,,,,,,,,,,,,,,,,,,
183,2015-04-01,0.0064199999999999,,,,,,,,,,,,,,,,,,,,,,,,,,,,,,,,,,,,,,,,,,,,,,,
184,2015-05-01,3.378029032258065,8.2,2.3,1.8,10.4,5.0,6.9,3.75,6.1,3.46,3.2,4.87,3.5,7.0,8.7,11.9,14.8,6.9,5.77,1.1,5.7,4.58,0.75,6.3,7.9,8.77,2.8,12.9,4.7,6.6,4.55,0.88,,8.7,2.8,6.7,5.8,10.5,10.92,,3.9,6.7,,,,,,
185,2015-06-01,8.71474,,,,,,,,,,,,,,,,,,,,,,,,,,,,,,,,,,,,,,,,,,,,,,,
186,2015-07-01,2.156503225806451,,,,,,,,,,,,,,,,,,,,,,,,,,,,,,,,,,,,,,,,,,,,,,,
187,2015-08-01,0.7884709677419355,12.5,5.9,0.24,7.9,6.4,6.5,2.65,5.3,0.8,0.55,7.15,1.2,8.97,0.2,7.9,14.1,6.55,6.57,0.8,6.1,3.31,0.72,7.2,1.4,8.79,0.4,12.9,6.05,7.0,4.55,5.03,7.45,7.0,0.7,0.55,1.15,10.7,14.6,5.68,2.4,9.6,12.1,,,,,
188,2015-09-01,4.581626666666667,,,,,,,,,,,,,,,,,,,,,,,,,,,,,,,,,,,,,,,,,,,,,,,
189,2015-10-01,2.4690935483870966,,,,,,,,,,,,,,,,,,,,,,,,,,,,,,,,,,,,,,,,,,,,,,,
190,2015-11-01,3.568833333333333,6.2,0.8,0.3,6.3,2.25,4.1,2.4,3.0,0.75,0.85,2.2,0.6,8.5,,10.0,14.6,2.35,4.37,0.65,6.05,1.85,0.95,0.85,0.15,3.2,,11.8,8.0,0.6,2.05,,3.7,11.0,0.7,1.3,1.4,6.85,13.3,7.25,0.8,,8.1,,,,,
191,2015-12-01,0.0,,,,,,,,,,,,,,,,,,,,,,,,,,,,,,,,,,,,,,,,,,,,,,,
192,2016-01-01,0.0,,,,,,,,,,,,,,,,,,,,,,,,,,,,,,,,8.5,8.5,2.9,2.12,2.34,11.05,14.78,4.8,4.56,2.4,10.26,,,,,
193,2016-02-01,0.0,,,,,,,,,,,,,,,,,,,,,,,,,,,,,,,,,,,,,,,,,,,,,,,
194,2016-03-01,0.4375193548387097,,,,,,,,,,,,,,,,,,,,,,,,,,,,,,,,,,,,,,,,,,,,,,,
195,2016-04-01,0.0423,,,,,,,,,,,,,,,,,,,,,,,,,,,,,,,,,,,,,,,,,,,,,,,
196,2016-05-01,0.2800741935483871,7.1,,11.0,12.82,6.92,6.7,4.8,6.82,2.68,2.42,6.05,,7.2,2.0,13.54,17.1,5.75,6.9,4.45,6.25,6.8,1.2,5.83,5.35,8.7,2.15,13.98,5.4,6.9,9.9,6.2,3.5,11.7,2.68,,,11.9,18.4,11.2,5.15,4.8,,,,,,
197,2016-06-01,2.1199600000000003,,,,,,,,,,,,,,,,,,,,,,,,,,,,,,,,,,,,,,,,,,,,,,,
198,2016-07-01,7.838596774193548,,,,,,,,,,,,,,,,,,,,,,,,,,,,,,,,,,,,,,,,,,,,,,,
199,2016-08-01,7.870606451612903,3.17,3.69,,8.25,5.27,6.0,0.87,4.38,,0.78,1.15,,6.45,0.01,6.67,14.65,1.95,6.4,1.7,6.37,3.8,1.14,1.63,1.4,8.7,0.01,13.32,1.44,0.6,2.96,6.8,,9.72,0.49,0.4,1.2,4.5,11.83,,1.6,2.7,5.68,,,,,
200,2016-09-01,2.10518,,,,,,,,,,,,,,,,,,,,,,,,,,,,,,,,,,,,,,,,,,,,,,,
201,2016-10-01,1.9316806451612905,,,,,,,,,,,,,,,,,,,,,,,,,,,,,,,,,,,,,,,,,,,,,,,
202,2016-11-01,0.0,2.6,1.1,0.2,8.33,4.26,5.8,3.7,1.92,1.55,1.52,2.6,,7.37,0.2,6.62,13.4,6.0,5.12,1.74,5.35,3.15,1.84,1.75,2.07,6.75,0.52,10.95,7.84,2.05,2.95,2.25,,10.6,1.6,,1.93,6.1,8.2,6.6,3.2,2.6,12.0,1.16,,,,
203,2016-12-01,0.0,,,,,,,,,,,,,,,,,,,,,,,,,,,,,,,,,,,,,,,,,,,,,,,
204,2017-01-01,0.0,3.92,2.7,1.1,11.1,4.76,6.4,4.35,3.23,2.2,2.05,3.68,,7.68,5.4,11.95,13.55,6.2,5.71,1.49,5.45,6.15,1.18,4.65,7.85,6.25,1.03,11.4,5.6,4.22,5.0,3.3,,12.2,1.9,2.6,2.6,12.74,11.66,10.8,4.15,2.66,14.16,7.36,,,,
205,2017-02-01,0.0,,,,,,,,,,,,,,,,,,,,,,,,,,,,,,,,,,,,,,,,,,,,,,,
206,2017-03-01,0.0,,,,,,,,,,,,,,,,,,,,,,,,,,,,,,,,,,,,,,,,,,,,,,,
207,2017-04-01,0.0,,,,,,,,,,,,,,,,,,,,,,,,,,,,,,,,,,,,,,,,,,,,,,,
208,2017-05-01,0.2739161290322581,7.13,7.79,5.72,13.25,6.4,6.95,4.0,4.7,3.13,1.97,7.1,,7.35,6.6,13.54,15.85,7.28,5.97,1.95,6.35,3.2,1.35,4.95,8.05,7.12,2.0,12.2,4.7,7.63,9.9,5.05,12.2,12.45,1.88,3.7,5.68,12.28,13.25,11.0,5.5,4.1,8.65,3.12,,,,
209,2017-06-01,5.911303333333334,,,,,,,,,,,,,,,,,,,,,,,,,,,,,,,,,,,,,,,,,,,,,,,
210,2017-07-01,7.053729032258064,,,,,,,,,,,,,,,,,,,,,,,,,,,,,,,,,,,,,,,,,,,,,,,
211,2017-08-01,5.413703225806452,3.2,1.3,0.8,2.65,0.01,0.01,4.9,4.1,0.01,0.01,2.15,,6.1,0.01,8.9,9.4,4.9,6.1,1.75,7.1,2.63,,4.1,0.01,5.1,0.01,5.1,,1.8,6.5,2.56,4.8,7.8,0.01,0.01,1.1,6.1,11.5,2.65,2.1,2.0,7.3,4.8,,,,
212,2017-09-01,5.224693333333334,,,,,,,,,,,,,,,,,,,,,,,,,,,,,,,,,,,,,,,,,,,,,,,
213,2017-10-01,5.272848387096775,,,,,,,,,,,,,,,,,,,,,,,,,,,,,,,,,,,,,,,,,,,,,,,
214,2017-11-01,0.4211666666666666,4.5,5.9,0.3,5.7,3.0,0.5,4.9,2.1,2.7,0.35,1.7,0.01,6.5,0.01,5.7,8.1,4.1,3.2,1.17,3.7,3.5,2.2,0.7,1.4,4.0,0.01,8.7,,1.2,2.1,0.9,0.01,8.7,0.3,0.01,1.56,6.1,10.1,3.8,1.6,0.8,1.7,3.7,,,,
215,2017-12-01,0.0868483870967741,,,,,,,,,,,,,,,,,,,,,,,,,,,,,,,,,,,,,,,,,,,,,,,
216,2018-01-01,0.0,5.2,4.1,3.15,4.8,3.1,1.4,3.89,6.34,2.2,2.68,2.8,,7.4,1.2,13.9,14.95,6.55,5.85,1.9,5.1,6.68,4.1,3.7,4.9,5.5,0.9,12.1,,3.0,4.72,3.6,8.8,13.1,3.65,6.45,3.35,6.95,14.85,6.12,3.0,2.1,13.15,3.35,,,,
217,2018-02-01,0.0,,,,,,,,,,,,,,,,,,,,,,,,,,,,,,,,,,,,,,,,,,,,,,,
218,2018-03-01,0.006016129032258,,,,,,,,,,,,,,,,,,,,,,,,,,,,,,,,,,,,,,,,,,,,,,,
219,2018-04-01,0.0214933333333333,,,,,,,,,,,,,,,,,,,,,,,,,,,,,,,,,,,,,,,,,,,,,,,
220,2018-05-01,0.0099838709677419,11.2,4.2,8.1,7.1,2.7,7.6,,7.5,6.7,2.15,3.15,2.7,7.3,6.55,14.5,15.4,7.7,5.4,1.2,5.7,3.45,3.1,5.4,8.8,7.7,2.7,,,8.2,9.9,6.4,5.7,3.9,2.1,3.89,4.23,9.51,11.1,4.6,4.1,5.6,13.1,0.01,,,,
221,2018-06-01,5.3703433333333335,,,,,,,,,,,,,,,,,,,,,,,,,,,,,,,,,,,,,,,,,,,,,,,
222,2018-07-01,6.522554838709678,,,,,,,,,,,,,,,,,,,,,,,,,,,,,,,,,,,,,,,,,,,,,,,
223,2018-08-01,3.168925806451613,6.6,6.9,1.0,9.0,4.5,1.8,7.9,5.7,2.7,0.5,0.5,0.01,6.6,0.01,12.4,14.5,3.4,4.1,1.4,4.5,2.7,0.7,1.0,0.01,4.4,0.01,,,5.5,7.6,6.0,1.9,13.0,0.01,0.5,1.1,6.4,10.1,4.0,1.6,1.8,4.1,0.01,,,,
224,2018-09-01,1.3045233333333333,,,,,,,,,,,,,,,,,,,,,,,,,,,,,,,,,,,,,,,,,,,,,,,
225,2018-10-01,1.1076354838709677,,,,,,,,,,,,,,,,,,,,,,,,,,,,,,,,,,,,,,,,,,,,,,,
226,2018-11-01,0.0900499999999999,,,,,,,,,,,,,,,,,,,,,,,,,,,,,,,,,,,,,,,,,,,,,,,
227,2018-12-01,0.0,,,,,,,,,,,,,,,,,,,,,,,,,,,,,,,,,,,,,,,,,,,,,,,
228,2019-01-01,0.0,8.4,1.4,2.2,10.08,5.6,5.55,3.6,3.94,2.4,1.63,6.07,0.01,7.3,7.16,9.69,16.5,6.85,6.96,1.74,5.68,5.55,1.75,3.85,5.77,8.79,1.25,,5.88,8.17,7.0,6.83,7.6,11.0,1.03,2.7,3.25,8.0,10.5,4.0,4.28,6.13,15.25,1.4,,,,
229,2019-02-01,0.0,,,,,,,,,,,,,,,,,,,,,,,,,,,,,,,,,,,,,,,,,,,,,,,
230,2019-03-01,0.0,,,,,,,,,,,,,,,,,,,,,,,,,,,,,,,,,,,,,,,,,,,,,,,
231,2019-04-01,0.0665066666666666,,,,,,,,,,,,,,,,,,,,,,,,,,,,,,,,,,,,,,,,,,,,,,,
232,2019-05-01,0.0,9.7,7.7,2.7,14.1,5.8,5.2,8.9,5.2,5.9,2.1,5.0,0.01,6.7,8.7,14.5,21.0,5.2,7.5,2.7,5.4,6.2,3.3,7.1,6.5,8.79,1.2,,,,9.89,7.9,3.1,15.0,0.7,,5.4,12.9,18.0,5.2,5.1,9.9,14.7,3.7,,,,
233,2019-06-01,6.909166666666667,,,,,,,,,,,,,,,,,,,,,,,,,,,,,,,,,,,,,,,,,,,,,,,
234,2019-07-01,12.81462258064516,,,,,,,,,,,,,,,,,,,,,,,,,,,,,,,,,,,,,,,,,,,,,,,
235,2019-08-01,7.257287096774194,5.1,1.3,1.02,5.9,3.5,3.5,4.7,3.6,1.09,0.95,2.6,0.01,0.01,4.9,8.6,16.2,3.0,6.1,1.56,3.3,3.4,2.1,1.5,1.1,8.79,0.4,,3.8,2.6,1.5,6.3,1.9,8.7,0.01,4.04,1.8,5.4,15.2,1.2,1.8,1.65,4.95,1.0,,,,
236,2019-09-01,9.26127,,,,,,,,,,,,,,,,,,,,,,,,,,,,,,,,,,,,,,,,,,,,,,,
237,2019-10-01,9.12245806451613,,,,,,,,,,,,,,,,,,,,,,,,,,,,,,,,,,,,,,,,,,,,,,,
238,2019-11-01,3.0002100000000005,1.05,0.55,1.02,4.1,3.41,0.01,1.0,1.0,1.14,1.15,1.6,0.78,5.73,0.01,3.68,14.53,3.3,2.1,1.32,2.9,3.2,1.05,1.2,2.7,6.21,0.3,9.1,4.98,1.6,1.31,2.1,1.82,4.8,0.02,,2.1,3.6,5.04,2.9,1.3,1.4,0.3,2.72,,,,
239,2019-12-01,0.0300838709677419,,,,,,,,,,,,,,,,,,,,,,,,,,,,,,,,,,,,,,,,,,,,,,,
240,2020-01-01,0.0,1.43,3.76,1.07,5.03,4.2,0.58,6.92,2.23,2.0,1.41,1.27,0.01,7.28,1.33,8.39,12.1,4.55,4.02,1.47,4.0,5.3,2.35,2.15,2.81,2.27,0.53,9.42,4.11,1.53,2.76,4.43,5.82,5.68,0.2,6.25,2.07,7.16,8.94,10.93,2.67,0.96,4.37,4.7,,,,
241,2020-02-01,0.0,,,,,,,,,,,,,,,,,,,,,,,,,,,,,,,,,,,,,,,,,,,,,,,
242,2020-03-01,0.2959645161290323,,,,,,,,,,,,,,,,,,,,,,,,,,,,,,,,,,,,,,,,,,,,,,,
243,2020-04-01,0.0067333333333333,,,,,,,,,,,,,,,,,,,,,,,,,,,,,,,,,,,,,,,,,,,,,,,
244,2020-05-01,0.7483322580645162,,,,,,,,,,,,,,,,,,,,,,,,,,,,,,,,,,,,,,,,,,,,,,,
245,2020-06-01,6.6326833333333335,,,,,,,,,,,,,,,,,,,,,,,,,,,,,,,,,,,,,,,,,,,,,,,
246,2020-07-01,3.8363032258064513,,,,,,,,,,,,,,,,,,,,,,,,,,,,,,,,,,,,,,,,,,,,,,,
247,2020-08-01,8.463019354838709,0.41,2.25,0.01,4.67,4.04,0.9,11.32,2.0,0.01,0.54,3.0,0.01,4.78,0.01,5.46,9.73,2.7,4.53,1.5,3.5,3.57,1.0,1.0,0.01,2.14,0.01,7.9,6.24,4.56,1.25,2.87,,6.2,0.01,1.7,2.11,2.31,3.54,,0.41,1.0,1.3,4.57,,,,
248,2020-09-01,7.0826633333333335,,,,,,,,,,,,,,,,,,,,,,,,,,,,,,,,,,,,,,,,,,,,,,,
249,2020-10-01,10.24466129032258,,,,,,,,,,,,,,,,,,,,,,,,,,,,,,,,,,,,,,,,,,,,,,,
250,2020-11-01,0.1755433333333333,0.58,5.45,0.2,,1.55,0.2,7.5,0.3,,1.41,3.05,0.55,6.1,7.72,1.8,11.8,3.3,1.85,1.95,3.9,1.0,0.42,1.25,0.64,2.0,0.45,2.7,,2.35,,0.9,3.5,4.8,7.2,0.4,1.45,4.6,6.2,3.4,1.4,1.65,1.35,0.85,,,,
251,2020-12-01,0.1275322580645161,,,,,,,,,,,,,,,,,,,,,,,,,,,,,,,,,,,,,,,,,,,,,,,
252,2021-01-01,1.0608612903225807,2.4,1.3,1.4,8.85,5.05,0.54,11.2,3.2,2.1,2.65,7.1,0.6,6.3,2.5,8.94,12.1,5.8,4.07,1.8,5.19,8.8,1.9,2.14,2.45,2.55,0.55,,,2.6,,3.6,6.1,9.2,0.01,6.1,2.65,10.1,9.4,10.7,2.2,0.5,7.54,6.85,,,,
253,2021-02-01,0.0109857142857142,,,,,,,,,,,,,,,,,,,,,,,,,,,,,,,,,,,,,,,,,,,,,,,
254,2021-03-01,0.0704612903225806,,,,,,,,,,,,,,,,,,,,,,,,,,,,,,,,,,,,,,,,,,,,,,,
255,2021-04-01,1.0893266666666668,,,,,,,,,,,,,,,,,,,,,,,,,,,,,,,,,,,,,,,,,,,,,,,
256,2021-05-01,2.8686967741935483,,,,,,,,,,,,,,,,,,,,,,,,,,,,,,,,,,,,,,,,,,,,,,,
257,2021-06-01,4.820033333333333,,,,,,,,,,,,,,,,,,,,,,,,,,,,,,,,,,,,,,,,,,,,,,,
258,2021-07-01,7.299054838709678,,,,,,,,,,,,,,,,,,,,,,,,,,,,,,,,,,,,,,,,,,,,,,,
259,2021-08-01,1.176093548387097,1.9,1.1,0.52,,4.26,0.4,7.2,3.76,,0.85,5.5,0.01,7.15,0.01,9.3,14.55,5.8,7.1,1.97,3.8,4.24,,6.35,,4.12,0.5,,,10.43,,5.6,3.17,6.89,0.01,7.3,1.2,15.7,15.7,5.42,1.61,1.8,3.3,,,,,
260,2021-09-01,2.8431833333333336,,,,,,,,,,,,,,,,,,,,,,,,,,,,,,,,,,,,,,,,,,,,,,,
261,2021-10-01,4.139209677419355,,,,,,,,,,,,,,,,,,,,,,,,,,,,,,,,,,,,,,,,,,,,,,,
262,2021-11-01,0.6768466666666666,2.1,,0.4,5.5,3.9,1.6,5.8,3.1,1.4,1.63,3.2,0.01,6.3,0.01,6.95,12.9,3.6,4.3,2.7,3.53,5.1,1.67,1.8,2.94,2.65,0.01,,,7.6,,3.95,3.98,7.0,0.01,5.3,0.9,6.4,9.6,5.3,,1.4,7.4,,,,,
263,2021-12-01,2.545741935483871,,,,,,,,,,,,,,,,,,,,,,,,,,,,,,,,,,,,,,,,,,,,,,,
264,2022-01-01,0.0058032258064516,2.35,,0.9,4.63,4.95,2.8,3.4,2.6,1.6,1.95,3.51,0.01,6.6,0.7,8.8,13.35,3.9,4.48,1.46,3.02,3.8,0.8,1.44,3.45,3.25,0.35,,,6.9,4.13,4.6,4.77,5.5,0.5,5.6,1.8,8.35,13.18,5.25,,1.6,1.81,,,,,
265,2022-02-01,0.0,,,,,,,,,,,,,,,,,,,,,,,,,,,,,,,,,,,,,,,,,,,,,,,
266,2022-03-01,0.0586709677419354,,,,,,,,,,,,,,,,,,,,,,,,,,,,,,,,,,,,,,,,,,,,,,,
267,2022-04-01,0.0,,,,,,,,,,,,,,,,,,,,,,,,,,,,,,,,,,,,,,,,,,,,,,,
268,2022-05-01,0.013158064516129,,0.8,,10.85,6.65,4.0,13.0,4.6,3.15,2.15,7.4,1.5,7.49,6.0,6.95,14.6,8.5,6.77,2.45,4.75,2.55,,6.25,6.45,,1.25,13.0,,5.3,0.1,7.5,10.9,7.1,0.75,4.6,2.8,9.0,,4.4,1.71,1.1,,,,,,
269,2022-06-01,1.09016,,,,,,,,,,,,,,,,,,,,,,,,,,,,,,,,,,,,,,,,,,,,,,,
270,2022-07-01,12.641651612903226,,,,,,,,,,,,,,,,,,,,,,,,,,,,,,,,,,,,,,,,,,,,,,,
271,2022-08-01,5.270874193548387,1.25,0.3,1.07,0.9,1.25,0.2,,0.7,4.2,1.14,1.5,0.8,4.97,0.1,3.8,11.0,1.35,1.5,1.15,2.05,2.18,1.1,1.3,1.45,1.87,,10.92,,0.75,1.2,2.5,1.85,2.2,,0.74,0.95,3.3,3.0,2.2,,1.4,0.1,,,,,
272,2022-09-01,6.83995,,,,,,,,,,,,,,,,,,,,,,,,,,,,,,,,,,,,,,,,,,,,,,,
273,2022-10-01,8.974012903225807,,,,,,,,,,,,,,,,,,,,,,,,,,,,,,,,,,,,,,,,,,,,,,,
274,2022-11-01,0.0,2.7,0.95,0.4,5.1,0.15,0.95,2.7,1.8,1.6,1.65,3.1,1.45,5.57,0.1,2.8,10.15,2.15,2.88,1.0,4.1,2.7,1.2,1.37,4.1,2.05,0.25,9.5,,4.05,3.7,2.0,4.8,4.8,,12.33,2.1,5.0,5.4,4.2,,1.5,1.2,,,,,
275,2022-12-01,0.031458064516129,,,,,,,,,,,,,,,,,,,,,,,,,,,,,,,,,,,,,,,,,,,,,,,
276,2023-01-01,0.0,4.95,0.57,1.2,4.55,5.6,2.65,4.1,4.04,1.93,2.15,,0.9,6.65,0.98,7.24,11.96,4.23,5.35,1.86,5.68,4.2,1.42,4.22,7.58,3.4,0.43,,5.38,7.1,12.26,7.83,7.63,6.47,0.0,5.6,2.54,9.95,12.15,3.5,3.2,1.73,10.06,,,,,
277,2023-02-01,0.0,,,,,,,,,,,,,,,,,,,,,,,,,,,,,,,,,,,,,,,,,,,,,,,
278,2023-03-01,0.3077419354838709,,,,,,,,,,,,,,,,,,,,,,,,,,,,,,,,,,,,,,,,,,,,,,,
279,2023-04-01,1.2330166666666666,,,,,,,,,,,,,,,,,,,,,,,,,,,,,,,,,,,,,,,,,,,,,,,
280,2023-05-01,0.6275000000000001,7.76,2.5,6.1,11.48,6.32,8.48,4.05,4.82,2.72,2.1,5.95,0.9,6.56,6.83,10.57,12.88,,7.43,2.46,5.06,4.6,1.37,7.08,4.06,6.54,0.9,10.18,,4.15,11.38,6.93,3.83,8.34,0.0,7.17,4.93,10.13,13.32,5.16,,4.1,10.66,,,,,
281,2023-06-01,2.85704,,,,,,,,,,,,,,,,,,,,,,,,,,,,,,,,,,,,,,,,,,,,,,,
282,2023-07-01,5.211141935483871,,,,,,,,,,,,,,,,,,,,,,,,,,,,,,,,,,,,,,,,,,,,,,,
283,2023-08-01,1.4483064516129032,,,,,,,,,,,,,,,,,,,,,,,,,,,,,,,,,,,,,,,,,,,,,,,
284,2023-09-01,5.7672566666666665,,,,,,,,,,,,,,,,,,,,,,,,,,,,,,,,,,,,,,,,,,,,1.95,6.59,,
285,2023-10-01,0.6066451612903226,,,,,,,,,,,,,,,,,,,,,,,,,,,,,,,,,,,,,,,,,,,,1.98,6.17,2.36,2.25
286,2023-11-01,1.0805333333333331,,,,,,,,,,,,,,,,,,,,,,,,,,,,,,,,,,,,,,,,,,,,3.29,6.92,2.38,2.33
287,2023-12-01,0.0,,,,,,,,,,,,,,,,,,,,,,,,,,,,,,,,,,,,,,,,,,,,2.38,6.78,2.7,2.17
